epoch,steps,cosine_pearson,cosine_spearman
0.017580872011251757,50,nan,nan
0.035161744022503515,100,nan,nan
0.052742616033755275,150,nan,nan
0.07032348804500703,200,nan,nan
