epoch,steps,cosine_pearson,cosine_spearman
0.031387319522912745,100,nan,nan
0.06277463904582549,200,nan,nan
0.09416195856873823,300,nan,nan
0.12554927809165098,400,nan,nan
0.15693659761456372,500,nan,nan
0.18832391713747645,600,nan,nan
0.2197112366603892,700,nan,nan
0.25109855618330196,800,nan,nan
